Daily_Return,Five_Day_Return,Ten_Day_Return,Volatility,RSI,ATR,Volume_Z_Score
"Date
2022-01-03         NaN
2022-01-04   -0.012691
2022-01-05   -0.026600
2022-01-06   -0.016693
2022-01-07    0.000988
                ...   
2026-01-07   -0.007737
2026-01-08   -0.004955
2026-01-09    0.001274
2026-01-12    0.003393
2026-01-13    0.003074
Name: Close, Length: 1011, dtype: float64","Date
2022-01-03         NaN
2022-01-04         NaN
2022-01-05         NaN
2022-01-06         NaN
2022-01-07         NaN
                ...   
2026-01-07   -0.046690
2026-01-08   -0.047157
2026-01-09   -0.042950
2026-01-12   -0.026229
2026-01-13   -0.004993
Name: Close, Length: 1011, dtype: float64","Date
2022-01-03         NaN
2022-01-04         NaN
2022-01-05         NaN
2022-01-06         NaN
2022-01-07         NaN
                ...   
2026-01-07   -0.039266
2026-01-08   -0.048906
2026-01-09   -0.052737
2026-01-12   -0.048098
2026-01-13   -0.046428
Name: Close, Length: 1011, dtype: float64","Date
2022-01-03         NaN
2022-01-04         NaN
2022-01-05         NaN
2022-01-06         NaN
2022-01-07         NaN
                ...   
2026-01-07    0.007178
2026-01-08    0.007186
2026-01-09    0.006952
2026-01-12    0.007124
2026-01-13    0.007207
Name: Close, Length: 1011, dtype: float64","Date
2022-01-03          NaN
2022-01-04     0.000000
2022-01-05     0.000000
2022-01-06     0.000000
2022-01-07     0.516728
                ...    
2026-01-07    27.649447
2026-01-08    26.275984
2026-01-09    27.271241
2026-01-12    29.985720
2026-01-13    32.453827
Name: RSI_14, Length: 1011, dtype: float64","Date
2022-01-03         NaN
2022-01-04         NaN
2022-01-05         NaN
2022-01-06         NaN
2022-01-07         NaN
                ...   
2026-01-07    4.422792
2026-01-08    4.437592
2026-01-09    4.405620
2026-01-12    4.412361
2026-01-13    4.341477
Name: ATRr_14, Length: 1011, dtype: float64","Date
2022-01-03         NaN
2022-01-04         NaN
2022-01-05         NaN
2022-01-06         NaN
2022-01-07         NaN
                ...   
2026-01-07   -0.248316
2026-01-08   -0.158736
2026-01-09   -0.605951
2026-01-12   -0.381447
2026-01-13   -0.360070
Name: Volume, Length: 1011, dtype: float64"
